Misspelling,Count
wanna,26
info,23
goddamn,22
uhelp,22
fucking,18
cancelations,9
pwd,9
signing,6
mom,6
freemium,5
refundable,4
uare,4
acount,3
isn,3
avaqilable,2
google,2
ehlp,2
needhelp,2
cannott,2
tto,2
hwat,2
cutomer,2
asistance,2
wiht,2
acn,1
newsleter,1
organizxation,1
changew,1
uswer,1
icreate,1
checkimg,1
utell,1
paymnent,1
lcaim,1
canyou,1
ccan,1
penaltie,1
chnage,1
creaitng,1
differentuser,1
newslewtter,1
infornation,1
diffreent,1
chattinb,1
whattime,1
checkingf,1
filign,1
clpaim,1
avcount,1
areavailable,1
acocunt,1
informatoin,1
helpretrieving,1
hepp,1
hewlp,1
termniation,1
abuot,1
ohurs,1
accont,1
mke,1
onlikne,1
hyman,1
aent,1
kkey,1
rfeclamation,1
youur,1
passowrd,1
accpunt,1
assistanec,1
corpolrate,1
corrdct,1
earpy,1
neerd,1
registre,1
resoring,1
unsubscribbe,1
coorporate,1
addrses,1
upodate,1
reigstration,1
profiole,1
deo,1
ahve,1
kinow,1
knbow,1
knlw,1
perswonal,1
moidfy,1
theavailable,1
methos,1
acecss,1
accesws,1
howi,1
cancellatino,1
ingo,1
paymet,1
knwo,1
accoynt,1
usay,1
uirect,1
anmother,1
paymen,1
myuser,1
edtails,1
whyat,1
donot,1
apyment,1
exiut,1
knowwhat,1
acxount,1
czncellation,1
commpany,1
sgnup,1
regiwtered,1
uupdatte,1
subscripiton,1
pahment,1
accounnt,1
accdss,1
retridve,1
havesubmitted,1
nede,1
witth,1
thedata,1
tomy,1
issxues,1
uer,1
usr,1
ouruser,1
closing,1
isuses,1
uspport,1
needto,1
adcount,1
tgry,1
eazrly,1
ocntact,1
ther,1
wanbt,1
assisatance,1
assisrance,1
feees,1
relcamation,1
newslettee,1
totalk,1
proflie,1
helo,1
regardnig,1
accouint,1
reimburfsement,1
updatng,1
reegistration,1
dfata,1
filea,1
addresxs,1
hte,1
wantg,1
wantto,1
inforation,1
mwmbers,1
isgn,1
tryying,1
copmlaint,1
ihave,1
informnig,1
termimation,1
clsoe,1
possxible,1
consmuer,1
moidfying,1
allowe,1
hbelp,1
metods,1
nmewsletter,1
cancllation,1
thedelivery,1
issud,1
ohw,1
acconut,1
custome,1
tbe,1
olst,1
aren,1
uchange,1
someody,1
wanmt,1
uarenot,1
uhave,1
cancellationcharge,1
speakto,1
hlp,1
informtaion,1
restor,1
assistancer,1
suscription,1
uaccept,1
personla,1
urallowed,1
thd,1
lodhe,1
accounmt,1
profle,1
chck,1
reclamaqtion,1
cani,1
avialable,1
cjeck,1
acustomer,1
otions,1
contactig,1
